{
	"books": [
		{
			"id": 1,
			"name": "A Brief History of Time",
			"description": "In the ten years since its publication in 1988, Stephen Hawking's classic work has become a landmark volume in scientific writing, with more than nine million copies in forty languages sold worldwide. That edition was on the cutting edge of what was then known about the origins and nature of the universe. But the intervening years have seen extraordinary advances in the technology of observing both the micro- and the macrocosmic worlds. These observations have confirmed many of Professor Hawking's theoretical predictions in the first edition of his book, including the recent discoveries of the Cosmic Background Explorer satellite (COBE), which probed back in time to within 300000 years of the universe's beginning and revealed wrinkles in the fabric of space-time that he had projected. Eager to bring to his original text the new knowledge revealed by these observations, as well as his own recent research, Professor Hawking has prepared a new introduction to the book, written an entirely new chapter on wormholes and time travel, and updated the chapters throughout.",
			"caption": "",
			"image": "briefhistoryoftime.jpg",
			"authorName": "Stephen Hawking"
		},
		{
			"id": 2,
			"name": "21st Century C",
			"description": "Throw out your old ideas of C, and relearn a programming language that’s substantially outgrown its origins. With 21st Century C, you’ll discover up-to-date techniques that are absent from every other C text available. C isn’t just the foundation of modern programming languages, it is a modern language, ideal for writing efficient, state-of-the-art applications. Learn to dump old habits that made sense on mainframes, and pick up the tools you need to use this evolved and aggressively simple language. No matter what programming language you currently champion, you’ll agree that C rocks.",
			"image": "21stcenturyc.jpg",
			"caption": "",
			"authorName": "Ben Klemens"
		},
		{
			"id": 3,
			"name": "C# 5.0: in a Nutshell",
			"description": "When you have a question about C# 5.0 or the .NET CLR, this bestselling guide has precisely the answers you need. Uniquely organized around concepts and use cases, this updated fifth edition features a reorganized section on concurrency, threading, and parallel programming—including in-depth coverage of C# 5.0’s new asynchronous functions.",
			"image": "csharp.jpg",
			"caption": "",
			"authorName": "Joseph Albahari"
		}
	]
}